CREATE TABLE IF NOT EXISTS `workflow_business_apply` (
  `id` bigint NOT NULL COMMENT '主键',
  `tenant_id` bigint NOT NULL DEFAULT 1 COMMENT '租户ID',
  `apply_code` varchar(128) NOT NULL COMMENT '申请编号',
  `business_type` varchar(128) NOT NULL COMMENT '业务类型',
  `business_key` varchar(128) NOT NULL COMMENT '业务主键',
  `apply_title` varchar(255) NOT NULL COMMENT '申请标题',
  `apply_summary` varchar(1000) DEFAULT NULL COMMENT '申请摘要',
  `applicant_id` bigint DEFAULT NULL COMMENT '申请人ID',
  `applicant_name` varchar(128) DEFAULT NULL COMMENT '申请人名称',
  `applicant_dept_id` bigint DEFAULT NULL COMMENT '申请部门ID',
  `applicant_dept_name` varchar(128) DEFAULT NULL COMMENT '申请部门名称',
  `process_definition_id` bigint DEFAULT NULL COMMENT 'Mango流程定义ID',
  `process_definition_key` varchar(128) DEFAULT NULL COMMENT '流程定义编码',
  `engine_process_definition_id` varchar(128) DEFAULT NULL COMMENT 'Flowable流程定义ID',
  `process_instance_id` varchar(128) DEFAULT NULL COMMENT '流程实例ID',
  `process_name` varchar(128) DEFAULT NULL COMMENT '流程名称',
  `apply_status` varchar(32) NOT NULL DEFAULT 'DRAFT' COMMENT '申请状态',
  `current_task_names` varchar(1000) DEFAULT NULL COMMENT '当前节点名称，多个逗号分隔',
  `current_task_definition_keys` varchar(1000) DEFAULT NULL COMMENT '当前节点定义Key，多个逗号分隔',
  `current_assignee_names` varchar(1000) DEFAULT NULL COMMENT '当前处理人名称，多个逗号分隔',
  `render_mode` varchar(32) NOT NULL DEFAULT 'DYNAMIC_FORM' COMMENT '渲染模式',
  `apply_page_key` varchar(128) DEFAULT NULL COMMENT '自定义申请页Key',
  `approve_page_key` varchar(128) DEFAULT NULL COMMENT '自定义审批页Key',
  `form_key` varchar(128) DEFAULT NULL COMMENT '表单Key',
  `form_version` int DEFAULT NULL COMMENT '表单版本',
  `form_json_snapshot` longtext COMMENT '动态表单JSON快照',
  `form_data_snapshot` longtext COMMENT '动态表单数据快照',
  `snapshot_ref` varchar(255) DEFAULT NULL COMMENT '业务快照引用',
  `snapshot_digest` varchar(128) DEFAULT NULL COMMENT '业务快照摘要',
  `variables_json` longtext COMMENT '流程变量JSON',
  `extension_json` longtext COMMENT '扩展配置JSON',
  `reapply_from_apply_id` bigint DEFAULT NULL COMMENT '重新申请来源ID',
  `latest_flag` tinyint(1) NOT NULL DEFAULT 1 COMMENT '是否最新申请',
  `created_by` bigint DEFAULT NULL COMMENT '创建人',
  `created_time` datetime NOT NULL DEFAULT CURRENT_TIMESTAMP COMMENT '创建时间',
  `created_at` datetime NOT NULL DEFAULT CURRENT_TIMESTAMP COMMENT '创建时间',
  `updated_by` bigint DEFAULT NULL COMMENT '更新人',
  `updated_time` datetime NOT NULL DEFAULT CURRENT_TIMESTAMP ON UPDATE CURRENT_TIMESTAMP COMMENT '更新时间',
  `updated_at` datetime NOT NULL DEFAULT CURRENT_TIMESTAMP ON UPDATE CURRENT_TIMESTAMP COMMENT '更新时间',
  PRIMARY KEY (`id`),
  UNIQUE KEY `uk_workflow_business_apply_code` (`apply_code`),
  KEY `idx_workflow_business_apply_biz_latest` (`tenant_id`, `business_type`, `business_key`, `latest_flag`),
  KEY `idx_workflow_business_apply_status` (`tenant_id`, `business_type`, `apply_status`),
  KEY `idx_workflow_business_apply_process` (`process_instance_id`),
  KEY `idx_workflow_business_apply_definition` (`process_definition_id`),
  KEY `idx_workflow_business_apply_reapply` (`reapply_from_apply_id`)
) ENGINE=InnoDB DEFAULT CHARSET=utf8mb4 COLLATE=utf8mb4_0900_ai_ci COMMENT='业务工作流申请中心';

CREATE TABLE IF NOT EXISTS `workflow_business_apply_current_task` (
  `id` bigint NOT NULL COMMENT '主键',
  `tenant_id` bigint NOT NULL DEFAULT 1 COMMENT '租户ID',
  `apply_id` bigint NOT NULL COMMENT '申请ID',
  `business_type` varchar(128) NOT NULL COMMENT '业务类型',
  `business_key` varchar(128) NOT NULL COMMENT '业务主键',
  `process_instance_id` varchar(128) DEFAULT NULL COMMENT '流程实例ID',
  `task_id` varchar(128) DEFAULT NULL COMMENT '任务ID',
  `task_definition_key` varchar(128) DEFAULT NULL COMMENT '任务定义Key',
  `task_name` varchar(255) DEFAULT NULL COMMENT '任务名称',
  `assignee_id` bigint DEFAULT NULL COMMENT '处理人ID',
  `assignee_name` varchar(128) DEFAULT NULL COMMENT '处理人名称',
  `arrived_at` datetime DEFAULT NULL COMMENT '到达时间',
  `created_at` datetime NOT NULL DEFAULT CURRENT_TIMESTAMP COMMENT '创建时间',
  `updated_at` datetime NOT NULL DEFAULT CURRENT_TIMESTAMP ON UPDATE CURRENT_TIMESTAMP COMMENT '更新时间',
  PRIMARY KEY (`id`),
  KEY `idx_workflow_business_apply_current_apply` (`apply_id`),
  KEY `idx_workflow_business_apply_current_biz` (`tenant_id`, `business_type`, `business_key`),
  KEY `idx_workflow_business_apply_current_task` (`task_id`),
  KEY `idx_workflow_business_apply_current_node` (`task_definition_key`),
  KEY `idx_workflow_business_apply_current_assignee` (`assignee_id`)
) ENGINE=InnoDB DEFAULT CHARSET=utf8mb4 COLLATE=utf8mb4_0900_ai_ci COMMENT='业务工作流申请当前任务';

CREATE TABLE IF NOT EXISTS `workflow_business_apply_status_log` (
  `id` bigint NOT NULL COMMENT '主键',
  `tenant_id` bigint NOT NULL DEFAULT 1 COMMENT '租户ID',
  `apply_id` bigint NOT NULL COMMENT '申请ID',
  `from_status` varchar(32) DEFAULT NULL COMMENT '变更前状态',
  `to_status` varchar(32) NOT NULL COMMENT '变更后状态',
  `action` varchar(32) NOT NULL COMMENT '动作',
  `action_name` varchar(64) NOT NULL COMMENT '动作名称',
  `operator_id` bigint DEFAULT NULL COMMENT '操作人ID',
  `operator_name` varchar(128) DEFAULT NULL COMMENT '操作人名称',
  `comment` varchar(1000) DEFAULT NULL COMMENT '备注',
  `task_id` varchar(128) DEFAULT NULL COMMENT '任务ID',
  `task_definition_key` varchar(128) DEFAULT NULL COMMENT '任务定义Key',
  `process_instance_id` varchar(128) DEFAULT NULL COMMENT '流程实例ID',
  `created_at` datetime NOT NULL DEFAULT CURRENT_TIMESTAMP COMMENT '创建时间',
  PRIMARY KEY (`id`),
  KEY `idx_workflow_business_apply_log_apply` (`apply_id`),
  KEY `idx_workflow_business_apply_log_process` (`process_instance_id`),
  KEY `idx_workflow_business_apply_log_action` (`action`),
  KEY `idx_workflow_business_apply_log_tenant` (`tenant_id`)
) ENGINE=InnoDB DEFAULT CHARSET=utf8mb4 COLLATE=utf8mb4_0900_ai_ci COMMENT='业务工作流申请状态流水';

INSERT INTO `authorization_menu` (`id`, `tenant_id`, `app_code`, `parent_id`, `menu_type`, `menu_name`, `menu_code`, `path`, `icon`, `component`, `sort`, `status`, `visible`, `keep_alive`, `embedded`, `redirect`, `permissions`, `create_by`, `update_by`, `create_time`, `update_time`, `remark`, `del_flag`, `created_by`, `created_at`, `updated_by`, `updated_at`)
VALUES
(2602002,1,'internal-admin',2602,3,'创建业务申请','workflow:business-apply:create',NULL,NULL,NULL,106,1,0,0,0,NULL,'workflow:business-apply:create',NULL,NULL,NOW(),NOW(),'创建业务申请与流程实例关联记录',0,NULL,NOW(),NULL,NOW()),
(2602003,1,'internal-admin',2602,3,'查询业务申请','workflow:business-apply:list',NULL,NULL,NULL,107,1,0,0,0,NULL,'workflow:business-apply:list',NULL,NULL,NOW(),NOW(),'查询业务申请列表与最新进度',0,NULL,NOW(),NULL,NOW()),
(2602004,1,'internal-admin',2602,3,'查看业务申请','workflow:business-apply:detail',NULL,NULL,NULL,108,1,0,0,0,NULL,'workflow:business-apply:detail',NULL,NULL,NOW(),NOW(),'查看业务申请详情、历史和进度',0,NULL,NOW(),NULL,NOW())
ON DUPLICATE KEY UPDATE `permissions` = VALUES(`permissions`), `status` = VALUES(`status`), `visible` = VALUES(`visible`), `del_flag` = VALUES(`del_flag`);

INSERT IGNORE INTO `authorization_menu_package_item` (`id`, `tenant_id`, `package_id`, `menu_id`, `sort`) VALUES
(1106,1,1,2602002,106),
(1107,1,1,2602003,107),
(1108,1,1,2602004,108),
(2059,1,2,2602002,59),
(2060,1,2,2602003,60),
(2061,1,2,2602004,61);

INSERT IGNORE INTO `authorization_role_menu` (`id`, `tenant_id`, `role_id`, `menu_id`, `create_time`, `created_by`, `created_at`, `updated_by`, `updated_at`) VALUES
(52602002,1,1,2602002,NOW(),NULL,NOW(),NULL,NOW()),
(52602003,1,1,2602003,NOW(),NULL,NOW(),NULL,NOW()),
(52602004,1,1,2602004,NOW(),NULL,NOW(),NULL,NOW()),
(62602002,2,2,2602002,NOW(),NULL,NOW(),NULL,NOW()),
(62602003,2,2,2602003,NOW(),NULL,NOW(),NULL,NOW()),
(62602004,2,2,2602004,NOW(),NULL,NOW(),NULL,NOW()),
(72602002,3,3,2602002,NOW(),NULL,NOW(),NULL,NOW()),
(72602003,3,3,2602003,NOW(),NULL,NOW(),NULL,NOW()),
(72602004,3,3,2602004,NOW(),NULL,NOW(),NULL,NOW()),
(82602002,4,4,2602002,NOW(),NULL,NOW(),NULL,NOW()),
(82602003,4,4,2602003,NOW(),NULL,NOW(),NULL,NOW()),
(82602004,4,4,2602004,NOW(),NULL,NOW(),NULL,NOW());
