UPDATE `authorization_menu`
SET `parent_id` = 26,
    `menu_type` = 1,
    `menu_name` = '流程管理',
    `menu_code` = 'workflow:manage',
    `path` = '/workflow/manage',
    `icon` = 'Operation',
    `component` = NULL,
    `sort` = 3,
    `status` = 1,
    `visible` = 1,
    `redirect` = '/workflow/manage/definition',
    `permissions` = NULL,
    `remark` = '流程模板、流程定义和发布配置管理',
    `module_code` = 'mango-workflow',
    `update_time` = NOW(),
    `updated_at` = NOW()
WHERE `id` = 2604;

INSERT INTO `authorization_menu` (`id`, `tenant_id`, `app_code`, `module_code`, `parent_id`, `menu_type`, `menu_name`, `menu_code`, `path`, `icon`, `component`, `sort`, `status`, `visible`, `keep_alive`, `embedded`, `redirect`, `permissions`, `create_by`, `update_by`, `create_time`, `update_time`, `remark`, `del_flag`, `created_by`, `created_at`, `updated_by`, `updated_at`)
VALUES
(260401,1,'internal-admin','mango-workflow',2604,2,'流程模板','workflow:template','/workflow/manage/template','CollectionTag','@/views/workflow/template/index.vue',1,1,1,0,0,NULL,'workflow:template:list',NULL,NULL,NOW(),NOW(),'系统内置流程模板与租户初始化模板管理',0,NULL,NOW(),NULL,NOW()),
(260402,1,'internal-admin','mango-workflow',2604,2,'流程定义','workflow:definition','/workflow/manage/definition','Files','@/views/workflow/definition/index.vue',2,1,1,0,0,NULL,'workflow:definition:list',NULL,NULL,NOW(),NOW(),'流程分类与流程定义管理',0,NULL,NOW(),NULL,NOW()),
(2604100,1,'internal-admin','mango-workflow',260401,3,'查询模板','workflow:template:list',NULL,NULL,NULL,0,1,0,0,0,NULL,'workflow:template:list',NULL,NULL,NOW(),NOW(),'流程模板列表查询权限',0,NULL,NOW(),NULL,NOW()),
(2604101,1,'internal-admin','mango-workflow',260401,3,'查看模板','workflow:template:query',NULL,NULL,NULL,1,1,0,0,0,NULL,'workflow:template:query',NULL,NULL,NOW(),NOW(),'流程模板详情查询权限',0,NULL,NOW(),NULL,NOW()),
(2604102,1,'internal-admin','mango-workflow',260401,3,'新增模板','workflow:template:add',NULL,NULL,NULL,2,1,0,0,0,NULL,'workflow:template:add',NULL,NULL,NOW(),NOW(),'流程模板新增权限',0,NULL,NOW(),NULL,NOW()),
(2604103,1,'internal-admin','mango-workflow',260401,3,'编辑模板','workflow:template:edit',NULL,NULL,NULL,3,1,0,0,0,NULL,'workflow:template:edit',NULL,NULL,NOW(),NOW(),'流程模板编辑权限',0,NULL,NOW(),NULL,NOW()),
(2604104,1,'internal-admin','mango-workflow',260401,3,'删除模板','workflow:template:delete',NULL,NULL,NULL,4,1,0,0,0,NULL,'workflow:template:delete',NULL,NULL,NOW(),NOW(),'流程模板删除权限',0,NULL,NOW(),NULL,NOW()),
(2604105,1,'internal-admin','mango-workflow',260401,3,'由模板创建流程','workflow:template:create-definition',NULL,NULL,NULL,5,1,0,0,0,NULL,'workflow:template:create-definition',NULL,NULL,NOW(),NOW(),'根据流程模板创建租户流程定义权限',0,NULL,NOW(),NULL,NOW())
ON DUPLICATE KEY UPDATE
`parent_id` = VALUES(`parent_id`),
`menu_type` = VALUES(`menu_type`),
`menu_name` = VALUES(`menu_name`),
`menu_code` = VALUES(`menu_code`),
`path` = VALUES(`path`),
`icon` = VALUES(`icon`),
`component` = VALUES(`component`),
`sort` = VALUES(`sort`),
`status` = VALUES(`status`),
`visible` = VALUES(`visible`),
`redirect` = VALUES(`redirect`),
`permissions` = VALUES(`permissions`),
`remark` = VALUES(`remark`),
`module_code` = VALUES(`module_code`),
`del_flag` = VALUES(`del_flag`),
`update_time` = NOW(),
`updated_at` = NOW();

UPDATE `authorization_menu`
SET `parent_id` = 260402,
    `module_code` = 'mango-workflow',
    `update_time` = NOW(),
    `updated_at` = NOW()
WHERE `id` IN (2604000,2604001,2604002,2604003,2604004,2604005,2604006);

INSERT IGNORE INTO `authorization_menu_package_item` (`id`, `tenant_id`, `package_id`, `menu_id`, `sort`) VALUES
(12604,1,1,2604,24),
(12600401,1,1,260401,86),
(12600402,1,1,260402,87),
(126041000,1,1,2604100,95),
(126041001,1,1,2604101,96),
(126041002,1,1,2604102,97),
(126041003,1,1,2604103,98),
(126041004,1,1,2604104,99),
(126041005,1,1,2604105,100),
(22604,1,2,2604,17),
(22600401,1,2,260401,18),
(22600402,1,2,260402,19),
(226041000,1,2,2604100,27),
(226041001,1,2,2604101,28),
(226041002,1,2,2604102,29),
(226041003,1,2,2604103,30),
(226041004,1,2,2604104,31),
(226041005,1,2,2604105,32);

INSERT IGNORE INTO `authorization_role_menu` (`id`, `tenant_id`, `role_id`, `menu_id`, `create_time`, `created_by`, `created_at`, `updated_by`, `updated_at`) VALUES
(526401,1,1,260401,NOW(),NULL,NOW(),NULL,NOW()),
(526402,1,1,260402,NOW(),NULL,NOW(),NULL,NOW()),
(5264100,1,1,2604100,NOW(),NULL,NOW(),NULL,NOW()),
(5264101,1,1,2604101,NOW(),NULL,NOW(),NULL,NOW()),
(5264102,1,1,2604102,NOW(),NULL,NOW(),NULL,NOW()),
(5264103,1,1,2604103,NOW(),NULL,NOW(),NULL,NOW()),
(5264104,1,1,2604104,NOW(),NULL,NOW(),NULL,NOW()),
(5264105,1,1,2604105,NOW(),NULL,NOW(),NULL,NOW()),
(626401,1,2,260401,NOW(),NULL,NOW(),NULL,NOW()),
(626402,1,2,260402,NOW(),NULL,NOW(),NULL,NOW()),
(6264100,1,2,2604100,NOW(),NULL,NOW(),NULL,NOW()),
(6264101,1,2,2604101,NOW(),NULL,NOW(),NULL,NOW()),
(6264102,1,2,2604102,NOW(),NULL,NOW(),NULL,NOW()),
(6264103,1,2,2604103,NOW(),NULL,NOW(),NULL,NOW()),
(6264104,1,2,2604104,NOW(),NULL,NOW(),NULL,NOW()),
(6264105,1,2,2604105,NOW(),NULL,NOW(),NULL,NOW()),
(726401,1,3,260401,NOW(),NULL,NOW(),NULL,NOW()),
(726402,1,3,260402,NOW(),NULL,NOW(),NULL,NOW()),
(7264100,1,3,2604100,NOW(),NULL,NOW(),NULL,NOW()),
(7264101,1,3,2604101,NOW(),NULL,NOW(),NULL,NOW()),
(7264102,1,3,2604102,NOW(),NULL,NOW(),NULL,NOW()),
(7264103,1,3,2604103,NOW(),NULL,NOW(),NULL,NOW()),
(7264104,1,3,2604104,NOW(),NULL,NOW(),NULL,NOW()),
(7264105,1,3,2604105,NOW(),NULL,NOW(),NULL,NOW()),
(826401,1,4,260401,NOW(),NULL,NOW(),NULL,NOW()),
(826402,1,4,260402,NOW(),NULL,NOW(),NULL,NOW()),
(8264100,1,4,2604100,NOW(),NULL,NOW(),NULL,NOW()),
(8264101,1,4,2604101,NOW(),NULL,NOW(),NULL,NOW()),
(8264102,1,4,2604102,NOW(),NULL,NOW(),NULL,NOW()),
(8264103,1,4,2604103,NOW(),NULL,NOW(),NULL,NOW()),
(8264104,1,4,2604104,NOW(),NULL,NOW(),NULL,NOW()),
(8264105,1,4,2604105,NOW(),NULL,NOW(),NULL,NOW());
