-- 芒果应用测试数据

-- 插入测试用户，密码使用 BCrypt 加密
-- admin=admin123, testuser=test123, disabled=123456
INSERT INTO identity_user (username, password, nickname, realm, actor_type, party_type, party_id, email, phone, status) VALUES
('admin', '$2a$10$Hxg9OlCM4Y9kj31WEea/tuiYXtJABkOIlXf/u/b95OQrq8Uj7qbZK', 'Administrator', 'INTERNAL', 'INTERNAL_USER', 'INTERNAL_ORG', 1, '1012404303@qq.com', '18701445644', 1),
('testuser', '$2a$10$W7isC9On/7p1Zk4NFsEJDeQZOyWfXy7U3jx7Sze9UD8wsIMvMvIja', 'Test User', 'INTERNAL', 'INTERNAL_USER', 'INTERNAL_ORG', 1, 'test@mango.io', '13800000002', 1),
('disabled', '$2a$10$O5tck9vWzxKWRvzVffrxYeo/vcrC2AEmi6j6uvqXoFBZ9wBCz8AQ6', 'Disabled User', 'INTERNAL', 'INTERNAL_USER', 'INTERNAL_ORG', 1, 'disabled@mango.io', '13800000003', 0);

-- 插入角色
INSERT INTO authorization_app (app_id, app_code, app_name, realm, actor_type, icon, sort, status) VALUES
(1, 'internal-admin', '内部管理后台', 'INTERNAL', 'INTERNAL_USER', 'setting', 1, 1);

INSERT INTO authorization_role (role_id, app_code, realm, actor_type, role_code, role_name, role_type, status, sort, remark) VALUES
(1001, 'internal-admin', 'INTERNAL', 'INTERNAL_USER', 'admin', 'Administrator', 1, 1, 1, 'System administrator with full permissions'),
(1002, 'internal-admin', 'INTERNAL', 'INTERNAL_USER', 'developer', 'Developer', 2, 1, 2, 'Developer role'),
(1003, 'internal-admin', 'INTERNAL', 'INTERNAL_USER', 'user', '普通用户', 2, 1, 3, 'Regular user role'),
(1004, 'internal-admin', 'INTERNAL', 'INTERNAL_USER', 'disabled_role', '已禁用角色', 2, 0, 4, 'Disabled role for testing');

-- 插入菜单，包含页面和按钮权限
INSERT INTO authorization_menu (menu_id, app_code, parent_id, menu_type, menu_name, menu_code, path, sort, status) VALUES
(1001, 'internal-admin', 0, 1, '系统管理', NULL, '/system', 0, 1),
(1002, 'internal-admin', 1001, 2, '用户管理', NULL, '/system/user', 1, 1),
(1003, 'internal-admin', 1002, 3, '查看用户', 'system:user:view', NULL, 1, 1),
(1004, 'internal-admin', 1002, 3, '新增用户', 'system:user:add', NULL, 2, 1),
(1005, 'internal-admin', 1002, 3, '编辑用户', 'system:user:edit', NULL, 3, 1),
(1006, 'internal-admin', 1002, 3, '删除用户', 'system:user:del', NULL, 4, 1),
(1007, 'internal-admin', 1001, 2, '角色管理', NULL, '/system/role', 2, 1),
(1008, 'internal-admin', 1007, 3, '查看角色', 'system:role:view', NULL, 1, 1),
(1009, 'internal-admin', 1007, 3, '新增角色', 'system:role:add', NULL, 2, 1),
(1010, 'internal-admin', 1007, 3, '编辑角色', 'system:role:edit', NULL, 3, 1),
(1011, 'internal-admin', 1007, 3, '删除角色', 'system:role:del', NULL, 4, 1);

-- 用户角色关系
INSERT INTO authorization_subject_role (id, subject_id, app_code, realm, actor_type, party_type, party_id, role_id) VALUES
(1001, 1, 'internal-admin', 'INTERNAL', 'INTERNAL_USER', 'INTERNAL_ORG', 1, 1001),
(1002, 1, 'internal-admin', 'INTERNAL', 'INTERNAL_USER', 'INTERNAL_ORG', 1, 1002),
(1003, 2, 'internal-admin', 'INTERNAL', 'INTERNAL_USER', 'INTERNAL_ORG', 1, 1003);

-- 角色菜单关系：管理员拥有全部菜单，开发者和普通用户只拥有部分菜单
INSERT INTO authorization_role_menu (id, role_id, menu_id) VALUES
(1001, 1001, 1001), (1002, 1001, 1002), (1003, 1001, 1003), (1004, 1001, 1004), (1005, 1001, 1005), (1006, 1001, 1006), (1007, 1001, 1007), (1008, 1001, 1008), (1009, 1001, 1009), (1010, 1001, 1010), (1011, 1001, 1011),
(1012, 1002, 1003), (1013, 1002, 1004),
(1014, 1003, 1003);

-- 国际化翻译数据
INSERT INTO sys_i18n (name, zh_cn, en, description) VALUES
('common.save', '保存', 'Save', 'Save button'),
('common.cancel', '取消', 'Cancel', 'Cancel button'),
('common.delete', '删除', 'Delete', 'Delete button'),
('common.edit', '编辑', 'Edit', 'Edit button'),
('common.add', '新增', 'Add', 'Add button'),
('menu.home', '首页', 'Home', 'Home menu'),
('menu.system', '系统管理', 'System', 'System management menu'),
('menu.user', '用户管理', 'User Management', 'User management menu');

-- 组织数据：芒果组织树
-- 一级：芒果集团
INSERT INTO sys_org (id, pid, org_name, org_code, org_type, org_sort, org_status, tenant_id) VALUES
(1, 0, '芒果集团', 'MANGO_GROUP', 1, 0, '1', 1);

-- 二级：子公司
INSERT INTO sys_org (id, pid, org_name, org_code, org_type, org_sort, org_status, tenant_id) VALUES
(2, 1, '芒果科技', 'MANGO_TECH', 2, 1, '1', 1),
(3, 1, '芒果金融', 'MANGO_FINANCE', 2, 2, '1', 1),
(4, 1, '芒果地产', 'MANGO_REAL_ESTATE', 2, 3, '1', 1);

-- 三级：芒果科技下属部门
INSERT INTO sys_org (id, pid, org_name, org_code, org_type, org_sort, org_status, tenant_id) VALUES
(5, 2, '技术研发部', 'TECH_RD', 3, 1, '1', 1),
(6, 2, '产品设计部', 'TECH_PRODUCT', 3, 2, '1', 1),
(7, 2, '市场营销部', 'TECH_MARKETING', 3, 3, '1', 1),
(8, 2, '人力资源部', 'TECH_HR', 3, 4, '1', 1),
(9, 2, '财务部', 'TECH_FINANCE', 3, 5, '1', 1);

-- 三级：芒果金融下属部门
INSERT INTO sys_org (id, pid, org_name, org_code, org_type, org_sort, org_status, tenant_id) VALUES
(10, 3, '风险管理部', 'FIN_RISK', 3, 1, '1', 1),
(11, 3, '信贷管理部', 'FIN_CREDIT', 3, 2, '1', 1),
(12, 3, '财务部', 'FIN_ACCOUNTING', 3, 3, '1', 1);

-- 三级：芒果地产下属部门
INSERT INTO sys_org (id, pid, org_name, org_code, org_type, org_sort, org_status, tenant_id) VALUES
(13, 4, '项目管理部', 'RE_PROJECT', 3, 1, '1', 1),
(14, 4, '成本合约部', 'RE_CONTRACT', 3, 2, '1', 1),
(15, 4, '财务部', 'RE_FINANCE', 3, 3, '1', 1);

-- 四级：技术研发部下属小组
INSERT INTO sys_org (id, pid, org_name, org_code, org_type, org_sort, org_status, tenant_id) VALUES
(16, 5, '后端开发组', 'TECH_BACKEND', 4, 1, '1', 1),
(17, 5, '前端开发组', 'TECH_FRONTEND', 4, 2, '1', 1),
(18, 5, '测试组', 'TECH_QA', 4, 3, '1', 1),
(19, 5, '运维组', 'TECH_OPS', 4, 4, '1', 1);

-- 四级：产品设计部下属小组
INSERT INTO sys_org (id, pid, org_name, org_code, org_type, org_sort, org_status, tenant_id) VALUES
(20, 6, '产品策划组', 'PRD_PLANNING', 4, 1, '1', 1),
(21, 6, 'UI设计组', 'PRD_UI', 4, 2, '1', 1),
(22, 6, '交互设计组', 'PRD_UX', 4, 3, '1', 1);

-- 行政区划数据：34 个省级行政区
-- 省级：area_type = 1
INSERT INTO sys_area (id, pid, name, adcode, area_type, area_sort, area_status, hot, tenant_id) VALUES
(1, 0, '北京市', 110000, '1', 1, '1', '1', 1),
(2, 0, '天津市', 120000, '1', 2, '1', '1', 1),
(3, 0, '河北省', 130000, '1', 3, '1', '1', 1),
(4, 0, '山西省', 140000, '1', 4, '1', '1', 1),
(5, 0, '内蒙古自治区', 150000, '1', 5, '1', '1', 1),
(6, 0, '辽宁省', 210000, '1', 6, '1', '1', 1),
(7, 0, '吉林省', 220000, '1', 7, '1', '1', 1),
(8, 0, '黑龙江省', 230000, '1', 8, '1', '1', 1),
(9, 0, '上海市', 310000, '1', 9, '1', '1', 1),
(10, 0, '江苏省', 320000, '1', 10, '1', '1', 1),
(11, 0, '浙江省', 330000, '1', 11, '1', '1', 1),
(12, 0, '安徽省', 340000, '1', 12, '1', '1', 1),
(13, 0, '福建省', 350000, '1', 13, '1', '1', 1),
(14, 0, '江西省', 360000, '1', 14, '1', '1', 1),
(15, 0, '山东省', 370000, '1', 15, '1', '1', 1),
(16, 0, '河南省', 410000, '1', 16, '1', '1', 1),
(17, 0, '湖北省', 420000, '1', 17, '1', '1', 1),
(18, 0, '湖南省', 430000, '1', 18, '1', '1', 1),
(19, 0, '广东省', 440000, '1', 19, '1', '1', 1),
(20, 0, '广西壮族自治区', 450000, '1', 20, '1', '1', 1),
(21, 0, '海南省', 460000, '1', 21, '1', '1', 1),
(22, 0, '重庆市', 500000, '1', 22, '1', '1', 1),
(23, 0, '四川省', 510000, '1', 23, '1', '1', 1),
(24, 0, '贵州省', 520000, '1', 24, '1', '1', 1),
(25, 0, '云南省', 530000, '1', 25, '1', '1', 1),
(26, 0, '西藏自治区', 540000, '1', 26, '1', '1', 1),
(27, 0, '陕西省', 610000, '1', 27, '1', '1', 1),
(28, 0, '甘肃省', 620000, '1', 28, '1', '1', 1),
(29, 0, '青海省', 630000, '1', 29, '1', '1', 1),
(30, 0, '宁夏回族自治区', 640000, '1', 30, '1', '1', 1),
(31, 0, '新疆维吾尔自治区', 650000, '1', 31, '1', '1', 1),
(32, 0, '台湾省', 710000, '1', 32, '1', '1', 1),
(33, 0, '香港特别行政区', 810000, '1', 33, '1', '1', 1),
(34, 0, '澳门特别行政区', 820000, '1', 34, '1', '1', 1);

-- 市级数据：area_type = 2
INSERT INTO sys_area (id, pid, name, adcode, area_type, area_sort, area_status, hot, tenant_id) VALUES
-- 北京
(101, 1, '北京市', 110100, '2', 1, '1', '1', 1),
-- 天津
(102, 2, '天津市', 120100, '2', 1, '1', '1', 1),
-- 河北
(103, 3, '石家庄市', 130100, '2', 1, '1', '1', 1),
(104, 3, '唐山市', 130200, '2', 2, '1', '1', 1),
(105, 3, '保定市', 130600, '2', 3, '1', '1', 1),
-- 山西
(106, 4, '太原市', 140100, '2', 1, '1', '1', 1),
(107, 4, '大同市', 140200, '2', 2, '1', '1', 1),
-- 内蒙古
(108, 5, '呼和浩特市', 150100, '2', 1, '1', '1', 1),
(109, 5, '包头市', 150200, '2', 2, '1', '1', 1),
-- 辽宁
(110, 6, '沈阳市', 210100, '2', 1, '1', '1', 1),
(111, 6, '大连市', 210200, '2', 2, '1', '1', 1),
-- 吉林
(112, 7, '长春市', 220100, '2', 1, '1', '1', 1),
(113, 7, '吉林市', 220200, '2', 2, '1', '1', 1),
-- 黑龙江
(114, 8, '哈尔滨市', 230100, '2', 1, '1', '1', 1),
(115, 8, '齐齐哈尔市', 230200, '2', 2, '1', '1', 1),
-- 上海
(201, 9, '上海市', 310100, '2', 1, '1', '1', 1),
-- 江苏
(202, 10, '南京市', 320100, '2', 1, '1', '1', 1),
(203, 10, '苏州市', 320500, '2', 2, '1', '1', 1),
(204, 10, '无锡市', 320200, '2', 3, '1', '1', 1),
-- 浙江
(205, 11, '杭州市', 330100, '2', 1, '1', '1', 1),
(206, 11, '宁波市', 330200, '2', 2, '1', '1', 1),
(207, 11, '温州市', 330300, '2', 3, '1', '1', 1),
-- 安徽
(208, 12, '合肥市', 340100, '2', 1, '1', '1', 1),
(209, 12, '芜湖市', 340200, '2', 2, '1', '1', 1),
-- 福建
(210, 13, '福州市', 350100, '2', 1, '1', '1', 1),
(211, 13, '厦门市', 350200, '2', 2, '1', '1', 1),
-- 江西
(212, 14, '南昌市', 360100, '2', 1, '1', '1', 1),
(213, 14, '赣州市', 360700, '2', 2, '1', '1', 1),
-- 山东
(301, 15, '济南市', 370100, '2', 1, '1', '1', 1),
(302, 15, '青岛市', 370200, '2', 2, '1', '1', 1),
(303, 15, '烟台市', 370600, '2', 3, '1', '1', 1),
-- 河南
(304, 16, '郑州市', 410100, '2', 1, '1', '1', 1),
(305, 16, '洛阳市', 410300, '2', 2, '1', '1', 1),
-- 湖北
(306, 17, '武汉市', 420100, '2', 1, '1', '1', 1),
(307, 17, '宜昌市', 420500, '2', 2, '1', '1', 1),
-- 湖南
(308, 18, '长沙市', 430100, '2', 1, '1', '1', 1),
(309, 18, '株洲市', 430200, '2', 2, '1', '1', 1),
-- 广东
(401, 19, '广州市', 440100, '2', 1, '1', '1', 1),
(402, 19, '深圳市', 440300, '2', 2, '1', '1', 1),
(403, 19, '珠海市', 440400, '2', 3, '1', '1', 1),
(404, 19, '东莞市', 441900, '2', 4, '1', '1', 1),
(405, 19, '佛山市', 440600, '2', 5, '1', '1', 1),
-- 广西
(406, 20, '南宁市', 450100, '2', 1, '1', '1', 1),
(407, 20, '柳州市', 450200, '2', 2, '1', '1', 1),
-- 海南
(408, 21, '海口市', 460100, '2', 1, '1', '1', 1),
(409, 21, '三亚市', 460200, '2', 2, '1', '1', 1),
-- 重庆
(501, 22, '重庆市', 500100, '2', 1, '1', '1', 1),
-- 四川
(502, 23, '成都市', 510100, '2', 1, '1', '1', 1),
(503, 23, '绵阳市', 510700, '2', 2, '1', '1', 1),
-- 贵州
(504, 24, '贵阳市', 520100, '2', 1, '1', '1', 1),
(505, 24, '遵义市', 520300, '2', 2, '1', '1', 1),
-- 云南
(506, 25, '昆明市', 530100, '2', 1, '1', '1', 1),
(507, 25, '大理白族自治州', 532900, '2', 2, '1', '1', 1),
-- 西藏
(508, 26, '拉萨市', 540100, '2', 1, '1', '1', 1),
-- 陕西
(601, 27, '西安市', 610100, '2', 1, '1', '1', 1),
(602, 27, '宝鸡市', 610300, '2', 2, '1', '1', 1),
-- 甘肃
(603, 28, '兰州市', 620100, '2', 1, '1', '1', 1),
(604, 28, '天水市', 620500, '2', 2, '1', '1', 1),
-- 青海
(605, 29, '西宁市', 630100, '2', 1, '1', '1', 1),
-- 宁夏
(606, 30, '银川市', 640100, '2', 1, '1', '1', 1),
-- 新疆
(607, 31, '乌鲁木齐市', 650100, '2', 1, '1', '1', 1),
(608, 31, '喀什地区', 653100, '2', 2, '1', '1', 1),
-- 台湾
(701, 32, '台北市', 710100, '2', 1, '1', '1', 1),
-- 香港
(801, 33, '香港岛', 810100, '2', 1, '1', '1', 1),
-- 澳门
(802, 34, '澳门半岛', 820100, '2', 1, '1', '1', 1);

-- 区县级数据：area_type = 3
INSERT INTO sys_area (id, pid, name, adcode, area_type, area_sort, area_status, hot, tenant_id) VALUES
-- 北京区县
(1001, 101, '东城区', 110101, '3', 1, '1', '1', 1),
(1002, 101, '西城区', 110102, '3', 2, '1', '1', 1),
(1003, 101, '朝阳区', 110105, '3', 3, '1', '1', 1),
(1004, 101, '海淀区', 110108, '3', 4, '1', '1', 1),
(1005, 101, '丰台区', 110106, '3', 5, '1', '1', 1),
-- 上海区县
(2001, 201, '黄浦区', 310101, '3', 1, '1', '1', 1),
(2002, 201, '徐汇区', 310104, '3', 2, '1', '1', 1),
(2003, 201, '静安区', 310106, '3', 3, '1', '1', 1),
(2004, 201, '浦东新区', 310115, '3', 4, '1', '1', 1),
-- 山东济南区县
(3001, 301, '历下区', 370102, '3', 1, '1', '1', 1),
(3002, 301, '市中区', 370103, '3', 2, '1', '1', 1),
(3003, 301, '槐荫区', 370104, '3', 3, '1', '1', 1),
-- 广东广州区县
(4001, 401, '天河区', 440106, '3', 1, '1', '1', 1),
(4002, 401, '番禺区', 440113, '3', 2, '1', '1', 1),
(4003, 401, '白云区', 440111, '3', 3, '1', '1', 1),
(4004, 401, '越秀区', 440104, '3', 4, '1', '1', 1),
-- 深圳区县
(4005, 402, '福田区', 440304, '3', 1, '1', '1', 1),
(4006, 402, '南山区', 440305, '3', 2, '1', '1', 1),
(4007, 402, '宝安区', 440306, '3', 3, '1', '1', 1),
-- 江苏南京区县
(2005, 202, '玄武区', 320102, '3', 1, '1', '1', 1),
(2006, 202, '秦淮区', 320104, '3', 2, '1', '1', 1),
(2007, 202, '建邺区', 320105, '3', 3, '1', '1', 1),
-- 浙江杭州区县
(2008, 205, '上城区', 330102, '3', 1, '1', '1', 1),
(2009, 205, '西湖区', 330106, '3', 2, '1', '1', 1),
(2010, 205, '滨江区', 330108, '3', 3, '1', '1', 1),
-- 四川成都区县
(5001, 502, '锦江区', 510104, '3', 1, '1', '1', 1),
(5002, 502, '青羊区', 510105, '3', 2, '1', '1', 1),
(5003, 502, '武侯区', 510107, '3', 3, '1', '1', 1);
